Professional,Unprofessional
collaborate,lazy
strategize,irresponsible
innovate,rude
analyze,disorganized
orchestrate,clueless
facilitate,messy
negotiate,incompetent
streamline,unmotivated
optimize,unreliable
spearhead,argumentative
enhance,arrogant
delegate,disrespectful
cultivate,inconsiderate
coordinate,hostile
articulate,selfish
implement,unethical
develop,entitled
execute,apathetic
lead,negative
mentor,uncooperative
guide,sloppy
resolve,reckless
dedicated,gossipy
proactive,disruptive
diligent,dismissive
adaptable,impolite
versatile,sarcastic
insightful,immature
resourceful,thoughtless
persuasive,dishonest
influential,inflexible
efficient,stubborn
effective,untrustworthy
constructive,passive-aggressive
empathetic,rushed
ethical,careless
responsible,defensive
accountable,evasive
attentive,pessimistic
meticulous,closed-minded
organized,uninspired
punctual,clumsy
strategic,unfocused
visionary,indifferent
resilient,resentful
artistic,argumentative
methodical,overconfident
curious,impulsive
committed,moody
decisive,withdrawn
articulate,nonchalant
eloquent,apathetic
transparent,obnoxious
precise,condescending
perspicacious,dismissive
diplomatic,pushy
cooperative,whiny
respectful,complaining
polished,unprepared
courteous,shady
gracious,fake
thoughtful,dramatic
humble,bossy
accommodating,inarticulate
tactful,unpolished
professional,boastful
motivated,grouchy
goal-oriented,grumpy
detail-oriented,forgetful
competent,sluggish
knowledgeable,aggressive
progressive,intimidating
reliable,short-tempered
insight-driven,excuse-maker
forward-thinking,inattentive
disciplined,passive
perspicuous,self-centered
intelligent,unapproachable
focused,apathetic
patient,blunt
supportive,carefree
cohesive,short-sighted
ethical-minded,disrespectful
innovative,disgruntled
synergistic,harsh
holistic,patronizing
conscientious,irritable
perceptive,overbearing
driven,manipulative
assertive,flaky
charismatic,insensitive
dedicated,brash
industrious,evasive
entrepreneurial,arrogant
visionary,bossy
motivated,disdainful
ethical,aloof
versatile,brusque
resilient,shallow
graceful,vindictive
approachable,inconsiderate
authentic,ruthless
calm,thoughtless
consistent,impatient
courteous,unhelpful
receptive,unkind
modest,harsh
sincere,flippant
inspirational,pompous
genuine,narrow-minded
energetic,egotistical
compassionate,uncaring
enthusiastic,pretentious
steadfast,conceited
trustworthy,sassy
empowering,clownish
reassuring,absent-minded
constructive,picky
courageous,moody
pragmatic,unsupportive
perseverant,hasty
objective,unresponsive
self-disciplined,tardy
resourceful,defiant
logical,intolerant
impartial,neglectful
strategic thinker,spoiled
effective communicator,frivolous
influential leader,hostile
results-driven,gloomy
customer-focused,aloof
value-oriented,gruff
growth mindset,irate
solution-driven,rebellious
team player,hypocritical
highly adaptable,condescending
results-oriented,insubordinate
data-driven,obnoxious
proficient,boorish
articulate speaker,argumentative
collaborative,defensive
forward-looking,whiny
empowered,overly casual
decisive,bragging
problem-solver,oblivious
people-oriented,rambly
versatile,demanding
agile,entitled
methodological,disrespectful
results-oriented,apathetic
process-driven,ill-mannered
visionary mindset,lazy-minded
customer-oriented,sarcastic
resilient leader,dismissive
future-focused,offensive
impact-driven,rude remarks
service-oriented,condescending tone
inclusive,cynical
strategic planner,snarky
transparent communicator,patronizing
equitable,hostile language
culturally aware,derogatory
ethical leader,insulting
Diligent,unfiltered comments
Ethical,mocking
Reliable,talking down
Adaptable,blaming others
Courteous,using slurs
Proactive,interrupting rudely
Competent,demeaning
Meticulous,aggressive tone
